id,first_name,last_name,email
1,York,Lacaze,ylacaze0@webnode.com
2,Kurt,Gullivan,kgullivan1@domainmarket.com
3,Demetre,McNickle,dmcnickle2@hostgator.com
4,Page,Eliassen,peliassen3@woothemes.com
5,Linnea,Ingarfill,lingarfill4@kickstarter.com
6,Sasha,McElwee,smcelwee5@t.co
7,Sheff,Rumming,srumming6@ucsd.edu
8,Ainslee,Doig,adoig7@godaddy.com
9,Abe,Trask,atrask8@cnet.com
10,Palm,Risson,prisson9@vk.com
11,Sean,Clother,sclothera@bizjournals.com
12,Lexis,Pierpoint,lpierpointb@gravatar.com
13,Kalinda,Canto,kcantoc@elpais.com
14,Nealy,Bosward,nboswardd@bandcamp.com
15,Francine,Gwynn,fgwynne@economist.com
16,Filmore,Goning,fgoningf@nasa.gov
17,Florette,Kidsley,fkidsleyg@csmonitor.com
18,Thalia,Wessel,twesselh@prlog.org
19,Mitchael,Proudman,mproudmani@comcast.net
20,Monique,Janku,mjankuj@moonfruit.com
21,Rozanne,Egleton,regletonk@usda.gov
22,Roy,Gislebert,rgislebertl@360.cn
23,Nils,Rapa,nrapam@multiply.com
24,Alonso,Wildish,awildishn@blogspot.com
25,Baird,Espadate,bespadateo@cbslocal.com
26,Ammamaria,Gravenor,agravenorp@altervista.org
27,Llewellyn,Keal,lkealq@chicagotribune.com
28,Herc,Gleadle,hgleadler@whitehouse.gov
29,Ainslee,Petruska,apetruskas@cbsnews.com
30,Alain,Harman,aharmant@unesco.org
31,Rhodie,Beste,rbesteu@nature.com
32,Gearard,Eddison,geddisonv@arizona.edu
33,Barr,Cardenoso,bcardenosow@ifeng.com
34,Clementina,Leacock,cleacockx@technorati.com
35,Benson,Bown,bbowny@theglobeandmail.com
36,Doreen,Davidowich,ddavidowichz@blog.com
37,Mic,Tapply,mtapply10@irs.gov
38,Bjorn,Daal,bdaal11@ibm.com
39,Trace,Lintall,tlintall12@zdnet.com
40,Wallace,Lavies,wlavies13@sfgate.com
41,Aggie,Radoux,aradoux14@yolasite.com
42,Ali,Tweede,atweede15@behance.net
43,Major,Jone,mjone16@domainmarket.com
44,Rebbecca,Brownhill,rbrownhill17@t-online.de
45,Bren,Muscroft,bmuscroft18@people.com.cn
46,Daloris,Anderton,danderton19@wikispaces.com
47,Haleigh,Toffts,htoffts1a@cargocollective.com
48,Werner,Villiers,wvilliers1b@123-reg.co.uk
49,Lettie,Whild,lwhild1c@hc360.com
50,Guillaume,Lishmund,glishmund1d@feedburner.com
51,Rufus,Dunphy,rdunphy1e@springer.com
52,Kathryne,Lockitt,klockitt1f@woothemes.com
53,Anallise,Cudmore,acudmore1g@bravesites.com
54,Roberto,Pride,rpride1h@eepurl.com
55,Shirlene,Haggis,shaggis1i@gmpg.org
56,Melody,Choppin,mchoppin1j@usatoday.com
57,Ron,Heineking,rheineking1k@washingtonpost.com
58,Sheff,Artrick,sartrick1l@etsy.com
59,Rustin,Sefton,rsefton1m@fotki.com
60,Dianemarie,Torald,dtorald1n@comcast.net
61,Emmalynn,Aberchirder,eaberchirder1o@cdc.gov
62,Waring,Albery,walbery1p@soup.io
63,Sergei,Staynes,sstaynes1q@harvard.edu
64,Andeee,Kelshaw,akelshaw1r@scribd.com
65,Randy,Jaggs,rjaggs1s@flavors.me
66,Alina,Beverage,abeverage1t@yandex.ru
67,Stephie,Getsham,sgetsham1u@bloglovin.com
68,Myles,Renzo,mrenzo1v@cam.ac.uk
69,Haily,Quarterman,hquarterman1w@nih.gov
70,Stan,Tampion,stampion1x@multiply.com
71,Netta,Broschek,nbroschek1y@ucoz.ru
72,Reider,Meiningen,rmeiningen1z@ezinearticles.com
73,Jeremiah,De Haven,jdehaven20@jigsy.com
74,Donal,Fairham,dfairham21@moonfruit.com
75,Pincus,Whittlesee,pwhittlesee22@redcross.org
76,Nan,Caws,ncaws23@japanpost.jp
77,Constance,Alejandri,calejandri24@shinystat.com
78,Ermentrude,Moulden,emoulden25@wired.com
79,Judy,Connachan,jconnachan26@joomla.org
80,Witty,Baroch,wbaroch27@auda.org.au
81,Darelle,O'Loughane,doloughane28@mapy.cz
82,Dewey,Drinkwater,ddrinkwater29@chicagotribune.com
83,Hanan,Jesse,hjesse2a@bandcamp.com
84,Consolata,Giffen,cgiffen2b@discovery.com
85,Megen,Santus,msantus2c@squidoo.com
86,Teddi,Kitchen,tkitchen2d@cpanel.net
87,Nariko,Noakes,nnoakes2e@google.ca
88,Arlinda,Henriet,ahenriet2f@google.it
89,Lucine,Duggen,lduggen2g@usda.gov
90,Deeyn,Gaines,dgaines2h@huffingtonpost.com
91,Isidore,Dykas,idykas2i@yelp.com
92,Tarrah,Tamas,ttamas2j@addtoany.com
93,Agatha,Rosenfrucht,arosenfrucht2k@histats.com
94,Breena,Risdale,brisdale2l@hhs.gov
95,Carroll,Gotts,cgotts2m@wired.com
96,Gabe,Bowbrick,gbowbrick2n@amazon.co.uk
97,Barrett,O'Ferris,boferris2o@lycos.com
98,Adolpho,Bound,abound2p@scribd.com
99,Shena,Minchinton,sminchinton2q@prnewswire.com
100,Estrella,Rendle,erendle2r@msu.edu
101,Brig,Casserley,bcasserley2s@eventbrite.com
102,Wendell,Plaskitt,wplaskitt2t@scribd.com
103,Cesya,Swaffield,cswaffield2u@issuu.com
104,Goraud,Sherborne,gsherborne2v@kickstarter.com
105,Byron,Raftery,braftery2w@de.vu
106,Jeth,Kelmere,jkelmere2x@nytimes.com
107,Darrin,Szymanowski,dszymanowski2y@opera.com
108,Catharine,Wildbore,cwildbore2z@wikimedia.org
109,Lenna,Currer,lcurrer30@dailymail.co.uk
110,Donica,Gudgen,dgudgen31@pagesperso-orange.fr
111,Ramona,Jikovsky,rjikovsky32@stanford.edu
112,Jon,Tysall,jtysall33@feedburner.com
113,Lissy,Overil,loveril34@nhs.uk
114,Zared,Winkett,zwinkett35@surveymonkey.com
115,Bria,Tesauro,btesauro36@tumblr.com
116,Aila,Damp,adamp37@yellowpages.com
117,Ed,Greenman,egreenman38@jimdo.com
118,Orson,Ginty,oginty39@51.la
119,Jeanna,Girdler,jgirdler3a@ebay.com
120,Alie,Redding,aredding3b@canalblog.com
121,Emogene,Sawrey,esawrey3c@mayoclinic.com
122,Stanly,Denver,sdenver3d@seesaa.net
123,Jareb,Dunbobbin,jdunbobbin3e@cafepress.com
124,Filberte,Ekless,fekless3f@china.com.cn
125,Huey,Yashaev,hyashaev3g@adobe.com
126,Clementina,Huc,chuc3h@ustream.tv
127,Rosco,Janowicz,rjanowicz3i@acquirethisname.com
128,Ruthann,Patrono,rpatrono3j@simplemachines.org
129,Gerta,Morrall,gmorrall3k@npr.org
130,Rhodia,Noyce,rnoyce3l@nydailynews.com
131,Caddric,Regitz,cregitz3m@woothemes.com
132,Gal,Farquharson,gfarquharson3n@ca.gov
133,Daryn,Archard,darchard3o@fotki.com
134,Ellie,Blas,eblas3p@list-manage.com
135,Saraann,Beautyman,sbeautyman3q@ehow.com
136,Ransom,Stainbridge,rstainbridge3r@sbwire.com
137,Darci,Errington,derrington3s@biblegateway.com
138,Concettina,Veighey,cveighey3t@java.com
139,Dannie,Bruhnke,dbruhnke3u@harvard.edu
140,Ritchie,Possel,rpossel3v@imageshack.us
141,Eulalie,Dew,edew3w@skype.com
142,Kipp,Garr,kgarr3x@freewebs.com
143,Garrot,De Blase,gdeblase3y@nbcnews.com
144,Booth,Skerme,bskerme3z@goo.ne.jp
145,Maritsa,Assante,massante40@google.com.au
146,Mariellen,Brownlow,mbrownlow41@businessweek.com
147,Irvine,Shipman,ishipman42@fastcompany.com
148,Margi,Fallens,mfallens43@dot.gov
149,Beck,Geffcock,bgeffcock44@jalbum.net
150,Matilda,Farnworth,mfarnworth45@google.co.uk
151,Elbertine,Derobert,ederobert46@github.io
152,Mercie,Slopier,mslopier47@aboutads.info
153,Kevan,McAvin,kmcavin48@etsy.com
154,Rafe,Challiss,rchalliss49@craigslist.org
155,Spike,Starsmore,sstarsmore4a@free.fr
156,Carla,Grut,cgrut4b@mapquest.com
157,Dayna,Burchnall,dburchnall4c@nature.com
158,Antonie,Botler,abotler4d@ameblo.jp
159,Caleb,Happs,chapps4e@arizona.edu
160,Phillie,Gwillim,pgwillim4f@gizmodo.com
161,Pacorro,Moxted,pmoxted4g@google.de
162,Belle,Verrills,bverrills4h@paginegialle.it
163,Hugues,McGahern,hmcgahern4i@bandcamp.com
164,Dora,Issitt,dissitt4j@google.it
165,Erie,Raoult,eraoult4k@foxnews.com
166,Rolland,Szymczyk,rszymczyk4l@indiegogo.com
167,Batsheva,Philpott,bphilpott4m@globo.com
168,Zsazsa,Ducker,zducker4n@facebook.com
169,Ingamar,Emmett,iemmett4o@mapy.cz
170,Koral,Tefft,ktefft4p@list-manage.com
171,Lamar,Howley,lhowley4q@oracle.com
172,Daisie,Foddy,dfoddy4r@nydailynews.com
173,Nikolia,Ebsworth,nebsworth4s@t-online.de
174,Christan,Gidley,cgidley4t@sfgate.com
175,Conway,Amdohr,camdohr4u@amazon.co.jp
176,Cesya,Mattiacci,cmattiacci4v@cmu.edu
177,Sile,Iwanowski,siwanowski4w@nifty.com
178,Malvina,Bettam,mbettam4x@bravesites.com
179,Candy,Levinge,clevinge4y@businessweek.com
180,Delly,Esmead,desmead4z@loc.gov
181,Archaimbaud,Norster,anorster50@senate.gov
182,Michal,Dumphreys,mdumphreys51@reverbnation.com
183,Sara-ann,Radmore,sradmore52@stanford.edu
184,Timmi,Blevin,tblevin53@loc.gov
185,Ban,Delwater,bdelwater54@sogou.com
186,Loretta,Steanson,lsteanson55@dyndns.org
187,Maddy,Worcs,mworcs56@redcross.org
188,Salvador,Purches,spurches57@altervista.org
189,Bordy,Ambrosini,bambrosini58@t-online.de
190,Findley,Shearsby,fshearsby59@netscape.com
191,Rodi,O'Geneay,rogeneay5a@indiegogo.com
192,Eb,Abadam,eabadam5b@example.com
193,Codi,Kensett,ckensett5c@ted.com
194,Arlina,Wilkes,awilkes5d@w3.org
195,Giraldo,Dykins,gdykins5e@live.com
196,Hatti,Andriesse,handriesse5f@mtv.com
197,Kristian,Bettleson,kbettleson5g@newsvine.com
198,Darcey,Gluyas,dgluyas5h@scribd.com
199,Lacy,Jaycock,ljaycock5i@desdev.cn
200,Moshe,Everit,meverit5j@qq.com
201,Griffy,Beardshall,gbeardshall5k@bluehost.com
202,Lauren,Lurriman,llurriman5l@shareasale.com
203,Mauricio,Mc Ilwrick,mmcilwrick5m@mit.edu
204,Pascal,McQuillen,pmcquillen5n@nhs.uk
205,Antonie,Loxley,aloxley5o@biglobe.ne.jp
206,Tremaine,Tordoff,ttordoff5p@netvibes.com
207,Taddeo,Valenti,tvalenti5q@hibu.com
208,Noby,Gossage,ngossage5r@miibeian.gov.cn
209,Kriste,Vigrass,kvigrass5s@g.co
210,Lauri,Amiss,lamiss5t@is.gd
211,Kalil,McQuade,kmcquade5u@amazon.com
212,Lucas,Algate,lalgate5v@newsvine.com
213,Husein,Mousley,hmousley5w@amazonaws.com
214,Katherina,Botton,kbotton5x@shop-pro.jp
215,Madlin,Terrelly,mterrelly5y@baidu.com
216,Even,Fincher,efincher5z@ox.ac.uk
217,Shanta,Jordison,sjordison60@ca.gov
218,Sharia,Berrigan,sberrigan61@1und1.de
219,Winfred,Paintain,wpaintain62@squarespace.com
220,Silvia,Beers,sbeers63@virginia.edu
221,Even,Skippings,eskippings64@census.gov
222,Herrick,Ceaser,hceaser65@biblegateway.com
223,Rochelle,Skipworth,rskipworth66@apache.org
224,Delainey,Eilhermann,deilhermann67@icio.us
225,Lexis,Hullett,lhullett68@sina.com.cn
226,Cedric,Cherryman,ccherryman69@walmart.com
227,Cletis,Pablos,cpablos6a@ftc.gov
228,Audrey,Mebius,amebius6b@cbc.ca
229,Teddy,Kik,tkik6c@google.pl
230,Teodorico,Bremley,tbremley6d@weather.com
231,Isak,Gooder,igooder6e@hud.gov
232,Timotheus,Kinsley,tkinsley6f@ifeng.com
233,Erma,Ivanishchev,eivanishchev6g@flickr.com
234,Kevan,Margerrison,kmargerrison6h@edublogs.org
235,Dael,Dumphrey,ddumphrey6i@csmonitor.com
236,Albrecht,Darcy,adarcy6j@xinhuanet.com
237,Daisy,Fletcher,dfletcher6k@nasa.gov
238,Briano,Tidmarsh,btidmarsh6l@cdbaby.com
239,Romona,McDyer,rmcdyer6m@live.com
240,Priscella,Burnsell,pburnsell6n@hc360.com
241,Ruthe,Clue,rclue6o@hc360.com
242,Calypso,Pauer,cpauer6p@seattletimes.com
243,Elset,Cawtheray,ecawtheray6q@abc.net.au
244,Hobey,Bittany,hbittany6r@ucoz.com
245,Hansiain,Zapata,hzapata6s@cargocollective.com
246,Roxana,Kollasch,rkollasch6t@nih.gov
247,Baxie,Maryon,bmaryon6u@myspace.com
248,Nicky,Holbury,nholbury6v@indiegogo.com
249,Gaby,Gammill,ggammill6w@ftc.gov
250,Cori,Revely,crevely6x@bloglovin.com
251,Pip,Pellman,ppellman6y@blogspot.com
252,Umberto,Crinidge,ucrinidge6z@biblegateway.com
253,Miran,Huntingdon,mhuntingdon70@newsvine.com
254,Pierrette,Bleesing,pbleesing71@woothemes.com
255,Brennan,Niezen,bniezen72@dell.com
256,Derron,Zanioletti,dzanioletti73@wsj.com
257,Hilly,Eatherton,heatherton74@de.vu
258,Dollie,Monger,dmonger75@creativecommons.org
259,Malva,McCullen,mmccullen76@bbb.org
260,Cheslie,Wishart,cwishart77@java.com
261,Silvanus,Dwelly,sdwelly78@sciencedirect.com
262,Ezri,Teaser,eteaser79@economist.com
263,Rupert,Deeves,rdeeves7a@ucsd.edu
264,Tarrance,Goodlett,tgoodlett7b@youku.com
265,Charin,Nerval,cnerval7c@cnbc.com
266,Lorrayne,Goodlatt,lgoodlatt7d@virginia.edu
267,Cecilia,Spellworth,cspellworth7e@infoseek.co.jp
268,Lydia,Abberley,labberley7f@multiply.com
269,Edna,Millward,emillward7g@webs.com
270,Harriette,Josselsohn,hjosselsohn7h@un.org
271,Alessandra,Siward,asiward7i@huffingtonpost.com
272,Siana,Ladloe,sladloe7j@weibo.com
273,Bartolomeo,O'Grada,bograda7k@instagram.com
274,Magdalene,Witterick,mwitterick7l@telegraph.co.uk
275,Rhodia,Hurling,rhurling7m@technorati.com
276,Hillier,Marquez,hmarquez7n@google.cn
277,Nicol,Willimont,nwillimont7o@bloglovin.com
278,Panchito,Sickling,psickling7p@pagesperso-orange.fr
279,Orson,Littleproud,olittleproud7q@usatoday.com
280,Jorrie,Lyles,jlyles7r@whitehouse.gov
281,Anetta,Selland,aselland7s@pen.io
282,Rowena,Graeme,rgraeme7t@goodreads.com
283,Wynnie,Bohlje,wbohlje7u@goo.gl
284,Rowe,Bernat,rbernat7v@cnbc.com
285,Gwenora,Badder,gbadder7w@stumbleupon.com
286,Pieter,Rennocks,prennocks7x@seesaa.net
287,Paloma,Chicchelli,pchicchelli7y@google.co.jp
288,Ky,Fleckness,kfleckness7z@ifeng.com
289,Brittne,Renad,brenad80@sbwire.com
290,Glad,Ruffler,gruffler81@e-recht24.de
291,Indira,Toyer,itoyer82@smh.com.au
292,Odella,Cattellion,ocattellion83@wp.com
293,Ewen,Thorns,ethorns84@gmpg.org
294,Rancell,Eveque,reveque85@gravatar.com
295,Harrison,Chatell,hchatell86@phpbb.com
296,Brook,Jeffress,bjeffress87@istockphoto.com
297,Matt,Fleet,mfleet88@ox.ac.uk
298,Axel,Connue,aconnue89@bloglovin.com
299,Pepita,Commins,pcommins8a@nba.com
300,Kelly,Rraundl,krraundl8b@godaddy.com
301,Ellerey,Sinnett,esinnett8c@nasa.gov
302,Marcy,Illston,millston8d@imageshack.us
303,Munroe,Sleite,msleite8e@imgur.com
304,Brady,Metzel,bmetzel8f@netlog.com
305,Marcos,Robroe,mrobroe8g@hc360.com
306,Odilia,Barford,obarford8h@w3.org
307,Tate,Grzes,tgrzes8i@mapy.cz
308,Norina,Arbor,narbor8j@networksolutions.com
309,Laurence,Christer,lchrister8k@miibeian.gov.cn
310,Wait,Wardesworth,wwardesworth8l@mashable.com
311,Raquela,McKintosh,rmckintosh8m@nasa.gov
312,Ricard,Browett,rbrowett8n@livejournal.com
313,Ulises,Airds,uairds8o@icq.com
314,Marty,Whitewood,mwhitewood8p@newsvine.com
315,Paten,Litt,plitt8q@cam.ac.uk
316,Lily,Menear,lmenear8r@cyberchimps.com
317,Veronika,Bowyer,vbowyer8s@pagesperso-orange.fr
318,Kirsten,Hubery,khubery8t@cafepress.com
319,Dorotea,Wait,dwait8u@furl.net
320,Ardys,Maughan,amaughan8v@macromedia.com
321,Lucila,Aireton,laireton8w@meetup.com
322,Paolina,Jarred,pjarred8x@technorati.com
323,Ronalda,Parkin,rparkin8y@wix.com
324,Marius,Corss,mcorss8z@tripod.com
325,Charlton,Phettis,cphettis90@whitehouse.gov
326,Karil,Blockwell,kblockwell91@accuweather.com
327,Marna,Rammell,mrammell92@constantcontact.com
328,Aidan,Kirkpatrick,akirkpatrick93@addtoany.com
329,Terry,De Gregorio,tdegregorio94@shop-pro.jp
330,Andrea,Etridge,aetridge95@about.me
331,Jeanelle,Blakelock,jblakelock96@twitter.com
332,Daveen,Farren,dfarren97@gov.uk
333,Bambi,Preon,bpreon98@japanpost.jp
334,Tobias,Sandercock,tsandercock99@goo.gl
335,Barbe,Audiss,baudiss9a@vkontakte.ru
336,Burlie,Paddle,bpaddle9b@state.gov
337,Kaleena,Tantrum,ktantrum9c@google.cn
338,Merilyn,Sneaker,msneaker9d@ezinearticles.com
339,Shay,Bark,sbark9e@huffingtonpost.com
340,Ezekiel,Hinchshaw,ehinchshaw9f@list-manage.com
341,Saba,Bellefant,sbellefant9g@prnewswire.com
342,Annette,Henlon,ahenlon9h@surveymonkey.com
343,Derby,Klos,dklos9i@w3.org
344,Grayce,Danhel,gdanhel9j@hostgator.com
345,Antonietta,Dowd,adowd9k@webs.com
346,Cariotta,Murford,cmurford9l@hugedomains.com
347,Marianne,Alison,malison9m@naver.com
348,Molli,Potbury,mpotbury9n@acquirethisname.com
349,Minnaminnie,Kovelmann,mkovelmann9o@unblog.fr
350,Amalea,Rydings,arydings9p@typepad.com
351,Bruce,Arnout,barnout9q@va.gov
352,Horatius,Guye,hguye9r@state.gov
353,Gusella,Heugel,gheugel9s@google.com.br
354,Glori,Coupar,gcoupar9t@merriam-webster.com
355,Annadiana,Connerry,aconnerry9u@flickr.com
356,Malanie,Lamden,mlamden9v@globo.com
357,Harv,Sherbrook,hsherbrook9w@dion.ne.jp
358,Gavra,Worlidge,gworlidge9x@shutterfly.com
359,Jose,Houlson,jhoulson9y@myspace.com
360,Hermione,Duer,hduer9z@mozilla.com
361,Steffane,Bowgen,sbowgena0@dot.gov
362,Constance,MacConnell,cmacconnella1@latimes.com
363,Brina,Caunter,bcauntera2@angelfire.com
364,Florinda,Elgee,felgeea3@g.co
365,Myles,Swan,mswana4@cocolog-nifty.com
366,Aldwin,Ewert,aewerta5@si.edu
367,Sada,Wolfendell,swolfendella6@loc.gov
368,Kalie,Tunna,ktunnaa7@qq.com
369,Erena,Jossel,ejossela8@wsj.com
370,Veronika,Kyles,vkylesa9@yelp.com
371,Doy,Downing,ddowningaa@google.ru
372,Hedvig,Sedgman,hsedgmanab@g.co
373,Friedrich,Mahaddy,fmahaddyac@deliciousdays.com
374,Muriel,Crosskill,mcrosskillad@unc.edu
375,Felizio,Hynd,fhyndae@gmpg.org
376,Nelia,Drennan,ndrennanaf@clickbank.net
377,Ferguson,Given,fgivenag@soundcloud.com
378,Zeb,Kingett,zkingettah@globo.com
379,Chrissy,Hawket,chawketai@nhs.uk
380,Kipp,Polamontayne,kpolamontayneaj@java.com
381,Maurine,Collar,mcollarak@columbia.edu
382,Tomasine,Mountain,tmountainal@imgur.com
383,Jessamyn,Geddis,jgeddisam@google.fr
384,Almeta,Frosdick,afrosdickan@tuttocitta.it
385,Jamey,Cogle,jcogleao@auda.org.au
386,Barbara-anne,Weale,bwealeap@spiegel.de
387,Sena,Dowsett,sdowsettaq@bandcamp.com
388,Lissi,Rand,lrandar@pbs.org
389,Tamarah,Brimblecombe,tbrimblecombeas@slideshare.net
390,Jenn,Tadgell,jtadgellat@economist.com
391,Janith,Winwright,jwinwrightau@ftc.gov
392,Cullie,Hechlin,chechlinav@umich.edu
393,Ealasaid,Berkley,eberkleyaw@time.com
394,Ermentrude,Grutchfield,egrutchfieldax@yolasite.com
395,Almeria,Silverston,asilverstonay@nba.com
396,Nicolas,Kuller,nkulleraz@jugem.jp
397,Ara,Bisseker,abissekerb0@illinois.edu
398,Reeta,Dowderswell,rdowderswellb1@alibaba.com
399,Jayne,Cryer,jcryerb2@bing.com
400,Aleen,Alphonso,aalphonsob3@bandcamp.com
401,Burk,Codi,bcodib4@g.co
402,Vince,Jiran,vjiranb5@qq.com
403,Lorne,Whitfeld,lwhitfeldb6@typepad.com
404,Warner,Tamlett,wtamlettb7@google.com.hk
405,Chris,Pirkis,cpirkisb8@oracle.com
406,Patric,Matthessen,pmatthessenb9@sohu.com
407,Kevan,Barensky,kbarenskyba@independent.co.uk
408,Karissa,Lillistone,klillistonebb@wikipedia.org
409,Nanci,Stuchburie,nstuchburiebc@google.fr
410,Marshal,Hoffman,mhoffmanbd@un.org
411,Ermina,Turneux,eturneuxbe@qq.com
412,Kissie,Syder,ksyderbf@lulu.com
413,Dahlia,Galpen,dgalpenbg@utexas.edu
414,Silvanus,Brind,sbrindbh@ning.com
415,Prentice,Apedaile,papedailebi@wiley.com
416,Lorrie,Wolfe,lwolfebj@cam.ac.uk
417,Fawne,Janc,fjancbk@patch.com
418,Karlyn,Kermath,kkermathbl@howstuffworks.com
419,Cal,Queree,cquereebm@soundcloud.com
420,Nettie,Lackie,nlackiebn@squidoo.com
421,Theodor,Demkowicz,tdemkowiczbo@netlog.com
422,Toby,Raatz,traatzbp@theglobeandmail.com
423,Michel,Rilton,mriltonbq@ehow.com
424,Amble,Niland,anilandbr@smh.com.au
425,Benni,Acres,bacresbs@scribd.com
426,Melosa,Bertholin,mbertholinbt@unblog.fr
427,Blancha,Greatrex,bgreatrexbu@whitehouse.gov
428,Torey,Tremelling,ttremellingbv@a8.net
429,Simon,Piddlehinton,spiddlehintonbw@pbs.org
430,Christal,Heikkinen,cheikkinenbx@howstuffworks.com
431,Victoir,Trayhorn,vtrayhornby@cisco.com
432,Binnie,Plitz,bplitzbz@reverbnation.com
433,Coletta,Mantle,cmantlec0@census.gov
434,Solomon,Pavey,spaveyc1@zdnet.com
435,Cesaro,Moyse,cmoysec2@bbb.org
436,Phylys,Searle,psearlec3@ucoz.ru
437,Paolo,Jeness,pjenessc4@un.org
438,Inge,Doughton,idoughtonc5@dagondesign.com
439,Gordy,Maffezzoli,gmaffezzolic6@amazonaws.com
440,Justino,Spawforth,jspawforthc7@hexun.com
441,Jessamyn,Woodford,jwoodfordc8@sfgate.com
442,Stefan,Lapworth,slapworthc9@1und1.de
443,Eward,Dougliss,edouglissca@mit.edu
444,Felix,Playford,fplayfordcb@rambler.ru
445,Jock,Polk,jpolkcc@w3.org
446,Mozelle,Selway,mselwaycd@cpanel.net
447,Job,Sleight,jsleightce@nba.com
448,Laural,Habeshaw,lhabeshawcf@prlog.org
449,Emory,Tullis,etulliscg@lycos.com
450,Nancie,Gillino,ngillinoch@unc.edu
451,Nikolaus,Jacobi,njacobici@ucoz.com
452,Maureene,Jeans,mjeanscj@sogou.com
453,Miltie,Di Dello,mdidellock@ucoz.ru
454,Letta,Yesinin,lyesinincl@usda.gov
455,Nicol,Cudmore,ncudmorecm@nytimes.com
456,Juan,Clubley,jclubleycn@cnbc.com
457,Roanna,Bolingbroke,rbolingbrokeco@github.io
458,Cordy,Trengrove,ctrengrovecp@abc.net.au
459,Carlita,Burle,cburlecq@deliciousdays.com
460,Livvy,Pottle,lpottlecr@washington.edu
461,Indira,Kirsz,ikirszcs@aboutads.info
462,Marven,Baglin,mbaglinct@marketwatch.com
463,Jo-ann,Colombier,jcolombiercu@photobucket.com
464,Gerard,Goadby,ggoadbycv@hubpages.com
465,Pacorro,Copes,pcopescw@cafepress.com
466,Francoise,Budden,fbuddencx@sakura.ne.jp
467,Billi,McFayden,bmcfaydency@shinystat.com
468,Evangelina,Purrington,epurringtoncz@constantcontact.com
469,Harmon,Tree,htreed0@instagram.com
470,Maryjane,Jolin,mjolind1@google.it
471,Diahann,Loghan,dloghand2@ustream.tv
472,Theda,Bedbury,tbedburyd3@elegantthemes.com
473,Mahmoud,Otto,mottod4@reddit.com
474,Estel,Lampkin,elampkind5@boston.com
475,Aldon,MacGregor,amacgregord6@engadget.com
476,Marga,Kail,mkaild7@bandcamp.com
477,Erskine,Guitte,eguitted8@chicagotribune.com
478,Gay,Pennoni,gpennonid9@prweb.com
479,Issi,Buttel,ibuttelda@tmall.com
480,Eugenio,Fraine,efrainedb@irs.gov
481,Marika,Malham,mmalhamdc@bizjournals.com
482,Louis,Bicksteth,lbickstethdd@bing.com
483,Sarina,Lambot,slambotde@is.gd
484,Abra,Hutchins,ahutchinsdf@google.com
485,Raphaela,Jacke,rjackedg@umich.edu
486,Daron,Stearley,dstearleydh@youku.com
487,Tull,Dammarell,tdammarelldi@yellowbook.com
488,Earle,Redpath,eredpathdj@mlb.com
489,Eleonora,Andreasen,eandreasendk@elegantthemes.com
490,Papageno,Schneidar,pschneidardl@taobao.com
491,Deloris,Shellsheere,dshellsheeredm@vinaora.com
492,Tomas,Janton,tjantondn@vk.com
493,Suzi,Prozescky,sprozesckydo@unblog.fr
494,Charlean,Katt,ckattdp@sbwire.com
495,Lorelei,Liebrecht,lliebrechtdq@answers.com
496,Phillip,Boyse,pboysedr@wikia.com
497,Lolly,Gerholz,lgerholzds@soundcloud.com
498,Glenna,Riteley,griteleydt@people.com.cn
499,Nicolai,Mayers,nmayersdu@engadget.com
500,Hilary,Aylen,haylendv@earthlink.net
